,receiver
0,20
1,14
2,19
3,6
4,7
5,2
6,8
7,22
8,12
9,12
10,3
11,16
12,5
13,7
14,18
15,21
16,3
17,8
18,13
19,5
20,10
21,5
22,10
23,17
24,6
25,22
26,2
27,16
28,9
29,13
30,19
31,5
32,4
33,4
34,12
35,18
36,3
37,2
38,11
39,8
40,15
41,20
42,4
43,7
44,10
45,12
46,17
47,16
48,11
49,9
50,6
51,2
52,22
53,2
54,11
55,7
56,5
57,3
58,14
59,7
60,3
61,22
62,20
63,5
64,18
65,5
66,15
67,3
68,5
69,17
70,4
71,4
72,12
73,13
74,5
75,11
76,1
77,9
78,17
79,5
80,6
81,16
82,5
83,7
84,1
85,11
86,18
87,12
88,22
89,1
90,6
91,1
92,19
93,21
94,1
95,2
96,8
97,18
98,13
99,14
100,3
101,19
102,5
103,13
104,4
105,20
106,13
107,9
108,4
109,14
110,10
111,4
112,19
113,22
114,4
115,5
116,9
117,10
118,7
119,11
120,13
121,13
122,14
123,3
124,19
125,7
126,9
127,22
128,5
129,15
130,2
131,19
132,18
133,19
134,11
135,16
136,6
137,15
138,21
139,21
140,14
141,10
142,18
143,21
144,11
145,1
146,17
147,20
148,5
149,2
150,10
151,6
152,20
153,2
154,11
155,14
156,8
157,6
158,8
159,22
160,3
161,4
162,8
163,20
164,16
165,5
166,12
167,16
168,9
169,14
170,1
171,21
172,22
173,17
174,6
175,17
176,21
177,12
178,13
179,6
180,1
181,21
182,10
183,6
184,10
185,19
186,3
187,12
188,18
189,16
190,15
191,11
192,13
193,14
194,7
195,16
196,4
197,12
198,6
199,8
200,10
201,4
202,11
203,2
204,1
205,12
206,6
207,15
208,13
209,22
210,18
211,2
212,4
213,15
214,15
215,12
216,7
217,8
218,22
219,22
220,11
221,4
222,16
223,5
224,2
225,8
226,8
227,14
228,17
229,19
230,4
231,12
232,22
233,6
234,17
235,8
236,21
237,15
238,7
239,20
240,17
241,2
242,8
243,17
244,5
245,2
246,6
247,9
248,5
249,8
250,10
251,1
252,11
253,1
254,1
255,21
256,20
257,20
258,14
259,15
260,16
261,20
262,9
263,15
264,13
265,5
266,5
267,14
268,22
269,5
270,1
271,18
272,22
273,6
274,3
275,9
276,13
277,17
278,5
279,2
280,3
281,4
282,11
283,11
284,3
285,9
286,7
287,14
288,15
289,15
290,5
291,1
292,22
293,6
294,7
295,5
296,19
297,5
298,15
299,3
300,9
301,20
302,2
303,8
304,11
305,14
306,21
307,15
308,3
309,18
310,9
311,21
312,4
313,2
314,12
315,20
316,7
317,6
318,14
319,2
320,1
321,6
322,5
323,15
324,4
325,2
326,7
327,16
328,1
329,18
330,5
331,14
332,14
333,6
334,4
335,5
336,3
337,21
338,14
339,21
340,21
341,1
342,20
343,14
344,12
345,22
346,9
347,13
348,15
349,7
350,13
351,17
352,13
353,15
354,8
355,18
356,6
357,11
358,16
359,10
360,21
361,6
362,16
363,12
364,6
365,15
366,19
367,19
368,21
369,7
370,2
371,21
372,2
373,2
374,17
375,14
376,5
377,2
378,1
379,19
380,6
381,17
382,3
383,19
384,5
385,6
386,19
387,16
388,11
389,16
390,15
391,1
392,8
393,5
394,6
395,2
396,21
397,12
398,11
399,6
400,20
401,7
402,6
403,2
404,17
405,3
406,12
407,5
408,11
409,4
410,22
411,16
412,17
413,9
414,8
415,22
416,6
417,15
418,18
419,21
420,18
421,15
422,14
423,1
424,3
425,7
426,15
427,4
428,15
429,15
430,14
431,22
432,20
433,7
434,9
435,9
436,15
437,12
438,10
439,14
440,10
441,16
442,3
443,3
444,13
445,13
446,3
447,16
448,20
449,4
450,15
451,20
452,17
453,7
454,11
455,12
456,21
457,20
458,8
459,14
460,12
461,4
462,16
463,16
464,19
465,9
466,1
467,11
468,2
469,18
470,13
471,19
472,2
473,19
474,2
475,22
476,17
477,18
478,9
479,16
480,4
481,21
482,2
483,10
484,4
485,21
486,15
487,8
488,15
489,20
490,11
491,13
492,15
493,18
494,15
495,7
496,17
497,4
498,22
499,4
500,12
501,2
502,15
503,13
504,21
505,18
506,7
507,6
508,6
509,15
510,15
511,19
512,17
513,3
514,21
515,22
516,2
517,2
518,14
519,19
520,20
521,16
522,16
523,8
524,17
525,1
526,21
527,13
528,18
529,13
530,13
531,5
532,7
533,16
534,22
535,4
536,21
537,20
538,9
539,3
540,11
541,9
542,21
543,18
544,21
545,8
546,22
547,11
548,1
549,16
550,3
551,18
552,20
553,3
554,3
555,12
556,5
557,14
558,21
559,1
560,13
561,4
562,22
563,12
564,16
565,8
566,7
567,10
568,19
569,16
570,19
571,2
572,21
573,16
574,2
575,10
576,8
577,7
578,12
579,1
580,6
581,11
582,2
583,19
584,15
585,1
586,13
587,21
588,19
589,18
590,21
591,13
592,5
593,13
594,6
595,5
596,1
597,12
598,16
599,21
600,12
601,11
602,2
603,7
604,12
605,7
606,5
607,7
608,2
609,12
610,14
611,8
612,19
613,13
614,4
615,8
616,2
617,1
618,4
619,10
620,12
621,2
622,21
623,14
624,20
625,5
626,16
627,16
628,17
629,21
630,7
631,22
632,18
633,14
634,21
635,14
636,20
637,8
638,14
639,12
640,21
641,5
642,5
643,16
644,4
645,22
646,10
647,7
648,8
649,11
650,15
651,10
652,14
653,12
654,7
655,16
656,18
657,7
658,6
659,14
660,17
661,6
662,8
663,10
664,11
665,10
666,9
667,4
668,6
669,8
670,22
671,16
672,19
673,16
674,7
675,6
676,2
677,6
678,8
679,10
680,14
681,8
682,20
683,4
684,5
685,16
686,17
687,13
688,12
689,20
690,10
691,22
692,1
693,2
694,11
695,5
696,8
697,8
698,18
699,19
700,8
701,5
702,10
703,10
704,8
705,22
706,18
707,5
708,2
709,4
710,9
711,14
712,1
713,22
714,12
715,10
716,8
717,18
718,2
719,13
720,17
721,20
722,19
723,6
724,7
725,3
726,17
727,3
728,19
729,20
730,6
731,7
732,14
733,17
734,18
735,15
736,2
737,8
738,3
739,10
740,21
741,2
742,11
743,7
744,8
745,2
746,4
747,9
748,6
749,12
750,9
751,2
752,14
753,19
754,8
755,11
756,17
757,6
758,22
759,19
760,19
761,8
762,2
763,15
764,2
765,21
766,18
767,6
768,13
769,7
770,3
771,1
772,4
773,16
774,4
775,1
776,4
777,17
778,16
779,20
780,20
781,8
782,7
783,2
784,8
785,11
786,8
787,3
788,2
789,19
790,19
791,2
792,21
793,22
794,14
795,13
796,9
797,12
798,17
799,16
800,7
801,22
802,12
803,15
804,6
805,17
806,10
807,18
808,15
809,21
810,6
811,20
812,6
813,5
814,9
815,19
816,1
817,5
818,14
819,2
820,14
821,12
822,7
823,12
824,16
825,11
826,12
827,13
828,4
829,6
830,19
831,22
832,3
833,15
834,5
835,4
836,18
837,4
838,12
839,5
840,1
841,4
842,5
843,6
844,1
845,5
846,8
847,19
848,13
849,8
850,5
851,9
852,3
853,4
854,9
855,16
856,19
857,21
858,16
859,7
860,2
861,21
862,6
863,5
864,20
865,2
866,14
867,6
868,7
869,19
870,18
871,10
872,7
873,14
874,2
875,19
876,17
877,20
878,1
879,5
880,1
881,10
882,9
883,3
884,20
885,21
886,3
887,18
888,5
889,7
890,14
891,20
892,21
893,3
894,22
895,13
896,10
897,16
898,11
899,6
900,5
901,19
902,7
903,13
904,6
905,7
906,21
907,11
908,4
909,7
910,14
911,13
912,9
913,14
914,17
915,3
916,17
917,9
918,2
919,16
920,8
921,22
922,7
923,12
924,5
925,2
926,13
927,21
928,15
929,1
930,16
931,12
932,12
933,1
934,16
935,2
936,2
937,2
938,1
939,2
940,14
941,2
942,18
943,18
944,5
945,20
946,22
947,2
948,13
949,3
950,2
951,2
952,18
953,3
954,1
955,3
956,5
957,14
958,11
959,7
960,3
961,12
962,18
963,20
964,8
965,1
966,16
967,15
968,4
969,6
970,1
971,6
972,5
973,12
974,16
975,2
976,18
977,11
978,3
979,20
980,22
981,3
982,12
983,4
984,9
985,2
986,4
987,1
988,10
989,22
990,18
991,14
992,5
993,7
994,13
995,22
996,8
997,19
998,21
999,9
1000,1
1001,12
1002,16
1003,17
1004,21
1005,22
1006,1
1007,14
1008,15
1009,6
1010,22
1011,14
1012,17
1013,9
1014,22
1015,14
1016,7
1017,13
1018,16
1019,3
1020,6
1021,17
1022,20
1023,20
1024,9
1025,8
1026,1
1027,22
1028,17
1029,8
1030,21
1031,19
1032,7
1033,4
1034,21
1035,14
1036,7
1037,1
1038,11
1039,5
1040,17
1041,5
1042,5
1043,10
1044,8
1045,20
1046,4
1047,10
1048,13
1049,2
1050,22
1051,4
1052,22
1053,4
1054,1
1055,20
1056,16
1057,9
1058,5
1059,10
1060,4
1061,9
1062,10
1063,15
1064,18
1065,1
1066,6
1067,22
1068,8
1069,6
1070,12
1071,8
1072,1
1073,13
1074,10
1075,21
1076,9
1077,3
1078,13
1079,2
1080,5
1081,2
1082,5
1083,7
1084,6
1085,9
1086,4
1087,2
1088,16
1089,14
1090,12
1091,11
1092,19
1093,1
1094,10
1095,18
1096,22
1097,21
1098,18
1099,6
1100,19
1101,2
1102,5
1103,12
1104,2
1105,6
1106,18
1107,16
1108,5
1109,13
1110,9
1111,17
1112,7
1113,8
1114,2
1115,14
1116,16
1117,5
1118,22
1119,19
1120,18
1121,18
1122,13
1123,16
1124,7
1125,17
1126,8
1127,11
1128,6
1129,12
1130,9
1131,15
1132,12
1133,12
1134,11
1135,19
1136,14
1137,13
1138,10
1139,22
1140,6
1141,8
1142,3
1143,20
1144,1
1145,4
1146,10
1147,5
1148,14
1149,14
1150,22
1151,22
1152,8
1153,22
1154,2
1155,7
1156,21
1157,2
1158,7
1159,6
1160,16
1161,22
1162,3
1163,16
1164,10
1165,17
1166,16
1167,11
1168,15
1169,2
1170,11
1171,8
1172,3
1173,10
1174,2
1175,16
1176,18
1177,1
1178,15
1179,17
1180,1
1181,10
1182,7
1183,21
1184,2
1185,12
1186,1
1187,5
1188,9
1189,6
1190,22
1191,5
1192,4
1193,8
1194,5
1195,1
1196,17
1197,19
1198,7
1199,3
1200,22
1201,7
1202,7
1203,18
1204,19
1205,17
1206,7
1207,15
1208,22
1209,7
1210,6
1211,19
1212,21
1213,2
1214,4
1215,5
1216,21
1217,17
1218,14
1219,22
1220,18
1221,9
1222,11
1223,1
1224,12
1225,19
1226,9
1227,11
1228,16
1229,15
1230,7
1231,4
1232,1
1233,12
1234,3
1235,2
1236,6
1237,8
1238,9
1239,5
1240,7
1241,19
1242,9
1243,20
1244,11
1245,6
1246,12
1247,3
1248,22
1249,21
1250,5
1251,16
1252,5
1253,6
1254,9
1255,4
1256,5
1257,7
1258,8
1259,8
1260,7
1261,17
1262,21
1263,7
1264,16
1265,7
1266,19
1267,5
1268,1
1269,1
1270,15
1271,4
1272,20
1273,12
1274,2
1275,1
1276,4
1277,20
1278,20
1279,4
1280,15
1281,17
1282,11
1283,11
1284,6
1285,2
1286,12
1287,13
1288,3
1289,6
1290,5
1291,22
1292,13
1293,1
1294,16
1295,10
1296,13
1297,18
1298,20
1299,10
1300,12
1301,22
1302,2
1303,3
1304,11
1305,9
1306,2
1307,12
1308,2
1309,10
1310,20
1311,12
1312,19
1313,1
1314,13
1315,12
1316,18
1317,21
1318,12
1319,17
1320,11
1321,3
1322,11
1323,5
1324,18
1325,4
1326,7
1327,13
1328,21
1329,4
1330,22
1331,7
1332,2
1333,11
1334,12
1335,5
1336,2
1337,4
1338,10
1339,4
1340,15
1341,2
1342,9
1343,5
1344,2
1345,13
1346,10
1347,13
1348,10
1349,8
1350,6
1351,19
1352,4
1353,18
1354,11
1355,10
1356,9
1357,11
1358,11
1359,4
1360,11
1361,7
1362,14
1363,21
1364,4
1365,22
1366,20
1367,4
1368,19
1369,3
1370,15
1371,16
1372,4
1373,3
1374,19
1375,17
1376,8
1377,5
1378,18
1379,22
1380,7
1381,12
1382,2
1383,5
1384,7
1385,19
1386,4
1387,22
1388,3
1389,22
1390,14
1391,14
1392,8
1393,1
1394,17
1395,4
1396,17
1397,7
1398,17
1399,3
1400,6
1401,11
1402,2
1403,20
1404,3
1405,3
1406,8
1407,21
1408,9
1409,22
1410,19
1411,3
1412,13
1413,5
1414,20
1415,2
1416,4
1417,2
1418,2
1419,5
1420,7
1421,21
1422,16
1423,3
1424,8
1425,11
1426,16
1427,14
1428,13
1429,18
1430,5
1431,4
1432,3
1433,21
1434,16
1435,8
1436,3
1437,14
1438,10
1439,12
1440,12
1441,14
1442,6
1443,18
1444,4
1445,6
1446,21
1447,4
1448,22
1449,19
1450,19
1451,7
1452,20
1453,19
1454,2
1455,8
1456,16
1457,1
1458,4
1459,21
1460,10
1461,8
1462,1
1463,17
1464,20
1465,2
1466,10
1467,3
1468,6
1469,2
1470,9
1471,11
1472,18
1473,4
1474,10
1475,17
1476,4
1477,3
1478,15
1479,8
1480,11
1481,19
1482,11
1483,12
1484,19
1485,4
1486,12
1487,22
1488,18
1489,17
1490,2
1491,4
1492,21
1493,6
1494,13
1495,5
1496,8
1497,8
1498,15
1499,11
1500,14
1501,19
1502,10
1503,4
1504,5
1505,22
1506,1
1507,21
1508,8
1509,5
1510,20
1511,9
1512,5
1513,17
1514,16
1515,10
1516,10
1517,8
1518,6
1519,18
1520,21
1521,7
1522,18
1523,11
1524,1
1525,1
1526,7
1527,8
1528,4
1529,14
1530,7
1531,7
1532,14
1533,18
1534,8
1535,21
1536,17
1537,1
1538,8
1539,3
1540,6
1541,5
1542,8
1543,7
1544,13
1545,4
1546,8
1547,19
1548,5
1549,5
1550,9
1551,21
1552,5
1553,2
1554,12
1555,16
1556,11
1557,16
1558,2
1559,7
1560,3
1561,3
1562,17
1563,16
1564,2
1565,1
1566,5
1567,8
1568,4
1569,18
1570,11
1571,10
1572,2
1573,4
1574,6
1575,14
1576,22
1577,3
1578,2
1579,8
1580,3
1581,16
1582,11
1583,8
1584,12
1585,6
1586,14
1587,4
1588,4
1589,8
1590,9
1591,20
1592,12
1593,7
1594,7
1595,19
1596,15
1597,2
1598,7
1599,22
1600,22
1601,2
1602,2
1603,4
1604,2
1605,2
1606,17
1607,20
1608,7
1609,7
1610,15
1611,12
1612,22
1613,17
1614,19
1615,21
1616,8
1617,16
1618,3
1619,1
1620,14
1621,14
1622,7
1623,14
1624,11
1625,17
1626,5
1627,9
1628,15
1629,11
1630,8
1631,10
1632,9
1633,14
1634,9
1635,13
1636,1
1637,18
1638,3
1639,8
1640,21
1641,17
1642,8
1643,22
1644,20
1645,11
1646,14
1647,19
1648,21
1649,21
1650,2
1651,7
1652,16
1653,9
1654,11
1655,13
1656,3
1657,9
1658,10
1659,9
1660,14
1661,19
1662,2
1663,15
1664,19
1665,4
1666,5
1667,1
1668,14
1669,10
1670,22
1671,16
1672,17
1673,5
1674,22
1675,2
1676,15
1677,14
1678,16
1679,19
1680,22
1681,6
1682,3
1683,4
1684,22
1685,21
1686,6
1687,8
1688,3
1689,19
1690,7
1691,17
1692,2
1693,19
1694,2
1695,18
1696,2
1697,20
1698,11
1699,14
1700,22
1701,11
1702,15
1703,1
1704,8
1705,19
1706,7
1707,4
1708,2
1709,19
1710,6
1711,17
1712,9
1713,22
1714,12
1715,21
1716,11
1717,12
1718,11
1719,13
1720,5
1721,1
1722,19
1723,17
1724,4
1725,19
1726,3
1727,18
1728,2
1729,6
1730,4
1731,3
1732,6
1733,17
1734,20
1735,15
1736,13
1737,21
1738,6
1739,17
1740,13
1741,5
1742,11
1743,12
1744,7
1745,1
1746,2
1747,21
1748,4
1749,1
1750,22
1751,15
1752,16
1753,1
1754,18
1755,20
1756,16
1757,3
1758,9
1759,13
1760,3
1761,10
1762,18
1763,22
1764,5
1765,19
1766,21
1767,4
1768,16
1769,9
1770,13
1771,14
1772,16
1773,14
1774,20
1775,21
1776,1
1777,1
1778,12
1779,9
1780,1
1781,18
1782,5
1783,5
1784,4
1785,4
1786,8
1787,22
1788,2
1789,21
1790,7
1791,20
1792,2
1793,14
1794,10
1795,21
1796,6
1797,17
1798,9
1799,8
1800,8
1801,11
1802,14
1803,15
1804,14
1805,6
1806,6
1807,11
1808,12
1809,8
1810,11
1811,13
1812,20
1813,19
1814,8
1815,16
1816,7
1817,5
1818,14
1819,13
1820,15
1821,1
1822,11
1823,2
1824,6
1825,16
1826,20
1827,12
1828,6
1829,2
1830,17
1831,20
1832,10
1833,17
1834,7
1835,13
1836,17
1837,18
1838,8
1839,22
1840,2
1841,2
1842,5
1843,5
1844,18
1845,5
1846,2
1847,14
1848,9
1849,15
1850,3
1851,13
1852,6
1853,16
1854,15
1855,22
1856,22
1857,15
1858,6
1859,7
1860,6
1861,5
1862,22
1863,5
1864,12
1865,21
1866,16
1867,11
1868,7
1869,20
1870,22
1871,3
1872,7
1873,3
1874,16
1875,17
1876,19
1877,11
1878,11
1879,7
1880,16
1881,8
1882,16
1883,3
1884,9
1885,17
1886,19
1887,20
1888,8
1889,19
1890,21
1891,2
1892,10
1893,5
1894,13
1895,10
1896,8
1897,7
1898,14
1899,13
1900,7
1901,6
1902,20
1903,2
1904,2
1905,11
1906,2
1907,16
1908,11
1909,16
1910,7
1911,15
1912,6
1913,10
1914,14
1915,2
1916,4
1917,7
1918,11
1919,22
1920,2
1921,18
1922,3
1923,13
1924,19
1925,9
1926,5
1927,13
1928,6
1929,3
1930,15
1931,6
1932,12
1933,2
1934,16
1935,20
1936,8
1937,6
1938,3
1939,20
1940,13
1941,7
1942,5
1943,9
1944,1
1945,17
1946,3
1947,6
1948,3
1949,5
1950,4
1951,6
1952,8
1953,17
1954,2
1955,7
1956,18
1957,4
1958,15
1959,8
1960,3
1961,2
1962,22
1963,18
1964,21
1965,18
1966,7
1967,12
1968,9
1969,14
1970,2
1971,20
1972,10
1973,7
1974,9
1975,2
1976,16
1977,4
1978,11
1979,19
1980,16
1981,3
1982,13
1983,9
1984,5
1985,6
1986,21
1987,4
1988,5
1989,2
1990,13
1991,2
1992,18
1993,15
1994,15
1995,13
1996,22
1997,3
1998,13
1999,18
2000,7
2001,21
2002,3
2003,3
2004,1
2005,12
2006,18
2007,5
2008,20
2009,11
2010,18
2011,13
2012,11
2013,14
2014,9
2015,11
2016,17
2017,11
2018,1
2019,3
2020,12
2021,19
2022,13
2023,2
2024,13
2025,15
2026,13
2027,22
2028,4
2029,10
2030,20
2031,3
2032,15
2033,3
2034,9
2035,21
2036,11
2037,13
2038,7
2039,14
2040,21
2041,22
2042,2
2043,8
2044,22
2045,9
2046,14
2047,1
2048,22
2049,18
2050,12
2051,17
2052,11
2053,4
2054,5
2055,9
2056,17
2057,22
2058,7
2059,6
2060,8
2061,5
2062,10
2063,4
2064,14
2065,9
2066,21
2067,13
2068,6
2069,9
2070,1
2071,2
2072,14
2073,7
2074,7
2075,4
2076,10
2077,16
2078,21
2079,18
2080,9
2081,1
2082,9
2083,14
2084,11
2085,7
2086,3
2087,3
2088,10
2089,20
2090,20
2091,6
2092,21
2093,20
2094,16
2095,1
2096,1
2097,13
2098,7
2099,21
2100,13
2101,9
2102,10
2103,21
2104,21
2105,9
2106,4
2107,18
2108,2
2109,6
2110,7
2111,13
2112,11
2113,20
2114,2
2115,3
2116,13
2117,14
2118,2
2119,8
2120,13
2121,2
2122,21
2123,22
2124,8
2125,14
2126,4
2127,11
2128,20
2129,5
2130,22
2131,16
2132,19
2133,8
2134,14
2135,2
2136,16
2137,9
2138,2
2139,22
2140,2
2141,11
2142,19
2143,22
2144,16
2145,2
2146,2
2147,9
2148,2
2149,1
2150,16
2151,15
2152,22
2153,20
2154,16
2155,17
2156,21
2157,22
2158,5
2159,18
2160,8
2161,13
2162,16
2163,11
2164,7
2165,12
2166,17
2167,19
2168,9
2169,10
2170,8
2171,1
2172,14
2173,20
2174,3
2175,2
2176,3
2177,7
2178,12
2179,2
2180,15
2181,10
2182,2
2183,3
2184,19
2185,19
2186,6
2187,4
2188,16
2189,2
2190,12
2191,14
2192,5
2193,2
2194,21
2195,16
2196,18
2197,3
2198,20
2199,19
2200,5
2201,2
2202,15
2203,18
2204,18
2205,2
2206,2
2207,3
2208,9
2209,4
2210,13
2211,2
2212,6
2213,8
2214,15
2215,20
2216,3
2217,5
2218,15
2219,22
2220,1
2221,11
2222,20
2223,17
2224,22
2225,20
2226,1
2227,15
2228,1
2229,18
2230,1
2231,10
2232,2
2233,17
2234,7
2235,3
2236,9
2237,12
2238,6
2239,22
2240,21
2241,6
2242,20
2243,13
2244,10
2245,15
2246,4
2247,7
2248,22
2249,15
2250,3
2251,8
2252,2
2253,13
2254,22
2255,7
2256,18
2257,4
2258,17
2259,16
2260,10
2261,5
2262,14
2263,16
2264,3
2265,10
2266,9
2267,14
2268,10
2269,10
2270,8
2271,1
2272,14
2273,16
2274,1
2275,4
2276,10
2277,8
2278,4
2279,9
2280,21
2281,2
2282,14
2283,2
2284,4
2285,13
2286,14
2287,3
2288,11
2289,7
2290,21
2291,22
2292,11
2293,15
2294,19
2295,11
2296,10
2297,15
2298,1
2299,6
2300,14
2301,3
2302,21
2303,9
2304,18
2305,7
2306,1
2307,18
2308,4
2309,2
2310,20
2311,13
2312,12
2313,4
2314,8
2315,21
2316,16
2317,16
2318,22
2319,20
2320,21
2321,3
2322,7
2323,2
2324,3
2325,21
2326,15
2327,17
2328,1
2329,10
2330,2
2331,14
2332,22
2333,18
2334,14
2335,17
2336,9
2337,11
2338,11
2339,21
2340,17
2341,8
2342,2
2343,8
2344,21
2345,5
2346,20
2347,2
2348,19
2349,14
2350,11
2351,8
2352,19
2353,7
2354,11
2355,21
2356,21
2357,13
2358,17
2359,11
2360,1
2361,16
2362,6
2363,2
2364,10
2365,17
2366,4
2367,2
2368,6
2369,2
2370,8
2371,22
2372,8
2373,3
2374,11
2375,13
2376,5
2377,18
2378,9
2379,1
2380,21
2381,9
2382,2
2383,19
2384,2
2385,11
2386,20
2387,16
2388,5
2389,13
2390,20
2391,10
2392,11
2393,6
2394,7
2395,19
2396,1
2397,19
2398,2
2399,20
2400,16
2401,22
2402,16
2403,12
2404,3
2405,3
2406,20
2407,10
2408,9
2409,11
2410,7
2411,14
2412,22
2413,7
2414,17
2415,15
2416,13
2417,3
2418,4
2419,22
2420,6
2421,3
2422,21
2423,1
2424,15
2425,18
2426,2
2427,13
2428,18
2429,11
2430,15
2431,3
2432,4
2433,6
2434,2
2435,1
2436,14
2437,21
2438,9
2439,10
2440,13
2441,13
2442,4
2443,1
2444,13
2445,4
2446,8
2447,20
2448,10
2449,22
2450,6
2451,17
2452,20
2453,15
2454,8
2455,6
2456,6
2457,1
2458,4
2459,2
2460,21
2461,16
2462,6
2463,10
2464,3
2465,5
2466,13
2467,22
2468,19
2469,21
2470,16
2471,3
2472,3
2473,4
2474,20
2475,8
2476,17
2477,20
2478,5
2479,11
2480,2
2481,16
2482,5
2483,7
2484,3
2485,10
2486,16
2487,14
2488,10
2489,3
2490,18
2491,2
2492,14
2493,18
2494,12
2495,12
2496,19
2497,4
2498,11
2499,15
2500,6
2501,4
2502,15
2503,7
2504,3
2505,8
2506,5
2507,3
2508,21
2509,17
2510,18
2511,6
2512,5
2513,4
2514,16
2515,11
2516,11
2517,4
2518,5
2519,12
2520,9
2521,5
2522,2
2523,11
2524,14
2525,15
2526,22
2527,16
2528,9
2529,16
2530,22
2531,6
2532,14
2533,22
2534,12
2535,2
2536,5
2537,13
2538,5
2539,17
2540,10
2541,17
2542,7
2543,8
2544,16
2545,18
2546,5
2547,5
2548,9
2549,4
2550,14
2551,17
2552,3
2553,4
2554,9
2555,18
2556,6
2557,14
2558,17
2559,2
2560,6
2561,4
2562,5
2563,7
2564,19
2565,11
2566,7
2567,16
2568,8
2569,21
2570,9
2571,10
2572,9
2573,18
2574,5
2575,10
2576,1
2577,17
2578,15
2579,5
2580,7
2581,9
2582,15
2583,8
2584,20
2585,1
2586,19
2587,10
2588,11
2589,17
2590,16
2591,5
2592,12
2593,4
2594,11
2595,1
2596,16
2597,13
2598,8
2599,6
2600,13
2601,20
2602,16
2603,15
2604,7
2605,21
2606,14
2607,5
2608,17
2609,19
2610,19
2611,6
2612,12
2613,20
2614,13
2615,13
2616,20
2617,13
2618,18
2619,5
2620,2
2621,9
2622,16
2623,6
2624,15
2625,5
2626,7
2627,13
2628,22
2629,17
2630,22
2631,21
2632,9
2633,14
2634,20
2635,18
2636,9
2637,3
2638,4
2639,16
2640,17
2641,7
2642,14
2643,10
2644,12
2645,12
2646,18
2647,18
2648,1
2649,19
2650,16
2651,3
2652,7
2653,20
2654,11
2655,1
2656,5
2657,16
2658,2
2659,10
2660,14
2661,19
2662,13
2663,17
2664,22
2665,19
2666,22
2667,11
2668,17
2669,4
2670,5
2671,5
2672,6
2673,11
2674,14
2675,20
2676,9
2677,3
2678,1
2679,22
2680,11
2681,12
2682,2
2683,14
2684,20
2685,2
2686,16
2687,22
2688,21
2689,14
2690,7
2691,7
2692,21
2693,4
2694,16
2695,13
2696,19
2697,7
2698,13
2699,8
2700,18
2701,16
2702,8
2703,1
2704,17
2705,6
2706,9
2707,12
2708,17
2709,17
2710,1
2711,9
2712,5
2713,1
2714,5
2715,19
2716,5
2717,12
2718,5
2719,6
2720,2
2721,13
2722,22
2723,13
2724,22
2725,5
2726,18
2727,8
2728,4
2729,13
2730,19
2731,18
2732,5
2733,10
2734,7
2735,2
2736,2
2737,15
2738,7
2739,14
2740,7
2741,9
2742,5
2743,20
2744,22
2745,2
2746,7
2747,7
2748,4
2749,3
2750,21
2751,6
2752,20
2753,3
2754,4
2755,4
2756,7
2757,4
2758,5
2759,7
2760,13
2761,21
2762,5
2763,15
2764,7
2765,10
2766,7
2767,14
2768,16
2769,22
2770,14
2771,10
2772,7
2773,16
2774,7
2775,4
2776,3
2777,1
2778,1
2779,2
2780,5
2781,19
2782,12
2783,16
2784,5
2785,2
2786,20
2787,17
2788,4
2789,4
2790,20
2791,2
2792,9
2793,8
2794,3
2795,7
2796,19
2797,1
2798,18
2799,15
2800,14
2801,3
2802,4
2803,11
2804,2
2805,16
2806,18
2807,3
2808,17
2809,2
2810,8
2811,8
2812,13
2813,12
2814,8
2815,18
2816,12
2817,17
2818,19
2819,10
2820,22
2821,17
2822,15
2823,2
2824,18
2825,4
2826,10
2827,17
2828,6
2829,17
2830,19
2831,2
2832,14
2833,2
2834,22
2835,20
2836,4
2837,11
2838,15
2839,10
2840,21
2841,13
2842,2
2843,7
2844,20
2845,19
2846,13
2847,16
2848,4
2849,7
2850,18
2851,6
2852,3
2853,8
2854,14
2855,5
2856,4
2857,10
2858,1
2859,22
2860,19
2861,19
2862,22
2863,10
2864,14
2865,8
2866,21
2867,13
2868,8
2869,12
2870,7
2871,1
2872,22
2873,13
2874,2
2875,8
2876,7
2877,18
2878,14
2879,11
2880,21
2881,11
2882,8
2883,20
2884,8
2885,1
2886,22
2887,2
2888,1
2889,5
2890,6
2891,8
2892,6
2893,8
2894,21
2895,2
2896,6
2897,3
2898,8
2899,9
2900,2
2901,16
2902,21
2903,22
2904,7
2905,11
2906,3
2907,16
2908,14
2909,22
2910,6
2911,8
2912,16
2913,12
2914,22
2915,8
2916,15
2917,19
2918,15
2919,19
2920,21
2921,19
2922,12
2923,16
2924,22
2925,17
2926,7
2927,6
2928,3
2929,6
2930,20
2931,13
2932,15
2933,4
2934,4
2935,16
2936,10
2937,4
2938,8
2939,10
2940,1
2941,14
2942,9
2943,19
2944,21
2945,2
2946,3
2947,9
2948,7
2949,16
2950,3
2951,12
2952,7
2953,7
2954,16
2955,5
2956,11
2957,5
2958,16
2959,6
2960,2
2961,17
2962,6
2963,3
2964,11
2965,16
2966,1
2967,10
2968,13
2969,16
2970,2
2971,3
2972,3
2973,12
2974,14
2975,7
2976,1
2977,1
2978,17
2979,10
2980,4
2981,6
2982,22
2983,17
2984,17
2985,6
2986,14
2987,11
2988,3
2989,16
2990,4
2991,4
2992,19
2993,13
2994,19
2995,1
2996,11
2997,1
2998,6
2999,5
3000,2
3001,4
3002,1
3003,13
3004,6
3005,16
3006,19
3007,5
3008,7
3009,16
3010,2
3011,7
3012,14
3013,3
3014,20
3015,21
3016,14
3017,3
3018,16
3019,14
3020,15
3021,17
3022,14
3023,1
3024,14
3025,4
3026,16
3027,20
3028,22
3029,16
3030,5
3031,2
3032,13
3033,14
3034,5
3035,19
3036,3
3037,15
3038,19
3039,2
3040,4
3041,1
3042,2
3043,9
3044,13
3045,3
3046,8
3047,5
3048,7
3049,8
3050,11
3051,3
3052,6
3053,21
3054,2
3055,5
3056,20
3057,4
3058,8
3059,6
3060,6
3061,16
3062,7
3063,9
3064,9
3065,13
3066,19
3067,11
3068,17
3069,9
3070,5
3071,20
3072,21
3073,8
3074,15
3075,4
3076,8
3077,10
3078,1
3079,16
3080,8
3081,19
3082,22
3083,20
3084,9
3085,10
3086,18
3087,5
3088,4
3089,6
3090,4
3091,8
3092,22
3093,6
3094,20
3095,13
3096,9
3097,2
3098,1
3099,22
3100,4
3101,5
3102,14
3103,5
3104,14
3105,12
3106,5
3107,4
3108,20
3109,1
3110,16
3111,18
3112,22
3113,3
3114,12
3115,14
3116,2
3117,8
3118,10
3119,11
3120,16
3121,7
3122,7
3123,5
3124,9
3125,8
3126,3
3127,19
3128,15
3129,10
3130,8
3131,13
3132,3
3133,15
3134,10
3135,22
3136,14
3137,8
3138,8
3139,16
3140,9
3141,3
3142,16
3143,9
3144,7
3145,4
3146,1
3147,11
3148,7
3149,6
3150,16
3151,17
3152,3
3153,22
3154,17
3155,7
3156,3
3157,17
3158,19
3159,4
3160,5
3161,8
3162,8
3163,7
3164,18
3165,21
3166,6
3167,2
3168,11
3169,2
3170,22
3171,1
3172,22
3173,19
3174,3
3175,22
3176,14
3177,15
3178,21
3179,11
3180,5
3181,8
3182,19
3183,10
3184,3
3185,20
3186,6
3187,6
3188,13
3189,7
3190,12
3191,6
3192,8
3193,18
3194,16
3195,14
3196,21
3197,16
3198,17
3199,10
3200,22
3201,16
3202,18
3203,12
3204,7
3205,3
3206,20
3207,10
3208,4
3209,5
3210,9
3211,3
3212,19
3213,14
3214,18
3215,1
3216,10
3217,9
3218,8
3219,15
3220,9
3221,9
3222,15
3223,2
3224,17
3225,6
3226,8
3227,3
3228,20
3229,17
3230,17
3231,9
3232,6
3233,10
3234,6
3235,19
3236,9
3237,13
3238,3
3239,3
3240,20
3241,11
3242,1
3243,2
3244,3
3245,20
3246,4
3247,1
3248,17
3249,1
3250,19
3251,19
3252,17
3253,7
3254,5
3255,2
3256,17
3257,19
3258,11
3259,2
3260,2
3261,14
3262,4
3263,22
3264,7
3265,2
3266,1
3267,7
3268,2
3269,6
3270,19
3271,22
3272,2
3273,8
3274,22
3275,8
3276,1
3277,6
3278,15
3279,7
3280,10
3281,7
3282,13
3283,16
3284,7
3285,5
3286,11
3287,13
3288,5
3289,16
3290,13
3291,19
3292,12
3293,9
3294,7
3295,1
3296,18
3297,15
3298,9
3299,5
3300,13
3301,16
3302,3
3303,6
3304,5
3305,21
3306,8
3307,3
3308,10
3309,11
3310,18
3311,6
3312,18
3313,7
3314,3
3315,17
3316,13
3317,1
3318,2
3319,10
3320,14
3321,12
3322,10
3323,18
3324,12
3325,3
3326,6
3327,2
3328,14
3329,1
3330,19
3331,16
3332,2
3333,18
3334,1
3335,14
3336,11
3337,1
3338,10
3339,14
3340,1
3341,11
3342,6
3343,22
3344,9
3345,18
3346,20
3347,6
3348,1
3349,5
3350,10
3351,1
3352,5
3353,20
3354,8
3355,6
3356,4
3357,20
3358,13
3359,14
3360,6
3361,14
3362,13
3363,13
3364,16
3365,8
3366,19
3367,16
3368,19
3369,20
3370,18
3371,11
3372,3
3373,21
3374,14
3375,4
3376,19
3377,10
3378,9
3379,3
3380,20
3381,6
3382,3
3383,5
3384,12
3385,17
3386,7
3387,18
3388,3
3389,16
3390,21
3391,8
3392,13
3393,2
3394,4
3395,20
3396,12
3397,2
3398,1
3399,20
3400,13
3401,5
3402,3
3403,22
3404,6
3405,13
3406,11
3407,20
3408,11
3409,4
3410,22
3411,15
3412,13
3413,16
3414,19
3415,10
3416,4
3417,15
3418,14
3419,8
3420,19
3421,8
3422,20
3423,7
3424,3
3425,4
3426,14
3427,7
3428,12
3429,16
3430,3
3431,8
3432,17
3433,15
3434,1
3435,16
3436,14
3437,4
3438,16
3439,22
3440,17
3441,6
3442,7
3443,2
3444,12
3445,3
3446,2
3447,1
3448,10
3449,14
3450,19
3451,6
3452,6
3453,8
3454,1
3455,18
3456,16
3457,22
3458,3
3459,7
3460,5
3461,11
3462,18
3463,18
3464,11
3465,5
3466,16
3467,10
3468,4
3469,7
3470,22
3471,20
3472,15
3473,6
3474,9
3475,13
3476,19
3477,20
3478,20
3479,14
3480,7
3481,8
3482,5
3483,14
3484,14
3485,15
3486,4
3487,22
3488,19
3489,14
3490,6
3491,9
3492,20
3493,2
3494,2
3495,9
3496,17
3497,6
3498,19
3499,1
3500,13
3501,6
3502,22
3503,14
3504,14
3505,16
3506,9
3507,6
3508,18
3509,2
3510,19
3511,10
3512,20
3513,4
3514,3
3515,17
3516,7
3517,14
3518,22
3519,15
3520,12
3521,17
3522,6
3523,22
3524,10
3525,10
3526,10
3527,10
3528,18
3529,3
3530,16
3531,1
3532,17
3533,20
3534,7
3535,5
3536,14
3537,5
3538,2
3539,6
3540,21
3541,19
3542,10
3543,18
3544,16
3545,2
3546,15
3547,9
3548,15
3549,18
3550,15
3551,9
3552,6
3553,8
3554,18
3555,16
3556,6
3557,6
3558,1
3559,14
3560,8
3561,2
3562,13
3563,11
3564,9
3565,6
3566,20
3567,1
3568,1
3569,21
3570,11
3571,9
3572,6
3573,12
3574,4
3575,15
3576,6
3577,3
3578,8
3579,12
3580,14
3581,22
3582,3
3583,20
3584,3
3585,14
3586,5
3587,21
3588,2
3589,8
3590,21
3591,18
3592,13
3593,13
3594,2
3595,6
3596,19
3597,18
3598,4
3599,8
3600,2
3601,21
3602,9
3603,16
3604,19
3605,11
3606,15
3607,11
3608,7
3609,2
3610,5
3611,22
3612,18
3613,14
3614,17
3615,20
3616,11
3617,14
3618,17
3619,7
3620,15
3621,7
3622,19
3623,22
3624,16
3625,5
3626,3
3627,5
3628,8
3629,22
3630,6
3631,6
3632,22
3633,7
3634,16
3635,8
3636,3
3637,13
3638,18
3639,14
3640,17
3641,2
3642,12
3643,22
3644,1
3645,6
3646,19
3647,7
3648,13
3649,13
3650,20
3651,1
3652,3
3653,1
3654,2
3655,18
3656,1
3657,10
3658,7
3659,7
3660,2
3661,8
3662,2
3663,8
3664,2
3665,9
3666,7
3667,6
3668,14
3669,20
3670,20
3671,11
3672,11
3673,3
3674,4
3675,13
3676,3
3677,4
3678,4
3679,8
3680,8
3681,18
3682,11
3683,17
3684,13
3685,3
3686,20
3687,9
3688,5
3689,7
3690,19
3691,11
3692,14
3693,1
3694,22
3695,21
3696,16
3697,2
3698,5
3699,7
3700,1
3701,9
3702,2
3703,20
3704,20
3705,21
3706,18
3707,18
3708,17
3709,6
3710,22
3711,18
3712,4
3713,4
3714,4
3715,9
3716,2
3717,21
3718,4
3719,2
3720,10
3721,16
3722,13
3723,2
3724,10
3725,19
3726,16
3727,15
3728,3
3729,14
3730,19
3731,13
3732,3
3733,18
3734,2
3735,19
3736,17
3737,22
3738,13
3739,16
3740,17
3741,2
3742,6
3743,6
3744,6
3745,16
3746,15
3747,9
3748,3
3749,6
3750,16
3751,6
3752,15
3753,7
3754,20
3755,22
3756,8
3757,19
3758,4
3759,14
3760,13
3761,19
3762,15
3763,7
3764,3
3765,4
3766,9
3767,3
3768,3
3769,5
3770,16
3771,2
3772,6
3773,2
3774,7
3775,4
3776,3
3777,22
3778,11
3779,22
3780,18
3781,5
3782,7
3783,4
3784,9
3785,6
3786,1
3787,19
3788,8
3789,18
3790,21
3791,3
3792,11
3793,10
3794,20
3795,4
3796,11
3797,2
3798,8
3799,16
3800,6
3801,9
3802,8
3803,11
3804,4
3805,1
3806,5
3807,8
3808,8
3809,15
3810,12
3811,19
3812,5
3813,21
3814,16
3815,10
3816,19
3817,8
3818,6
3819,12
3820,13
3821,8
3822,18
3823,12
3824,20
3825,4
3826,11
3827,11
3828,2
3829,5
3830,13
3831,2
3832,2
3833,17
3834,21
3835,15
3836,1
3837,10
3838,12
3839,19
3840,7
3841,15
3842,13
3843,22
3844,6
3845,7
3846,17
3847,6
3848,13
3849,7
3850,3
3851,9
3852,7
3853,12
3854,8
3855,4
3856,2
3857,8
3858,16
3859,2
3860,12
3861,15
3862,14
3863,4
3864,3
3865,3
3866,4
3867,10
3868,1
3869,22
3870,13
3871,21
3872,9
3873,9
3874,3
3875,22
3876,3
3877,6
3878,21
3879,8
3880,13
3881,22
3882,3
3883,11
3884,22
3885,4
3886,7
3887,19
3888,19
3889,11
3890,5
3891,5
3892,4
3893,20
3894,22
3895,5
3896,15
3897,3
3898,11
3899,18
3900,13
3901,4
3902,11
3903,15
3904,2
3905,2
3906,12
3907,6
3908,13
3909,22
3910,8
3911,9
3912,7
3913,14
3914,20
3915,9
3916,11
3917,11
3918,13
3919,13
3920,8
3921,10
3922,5
3923,2
3924,21
3925,6
3926,3
3927,11
3928,15
3929,2
3930,8
3931,21
3932,1
3933,12
3934,11
3935,12
3936,15
3937,20
3938,22
3939,2
3940,22
3941,2
3942,16
3943,2
3944,15
3945,7
3946,5
3947,18
3948,22
3949,15
3950,8
3951,1
3952,7
3953,22
3954,2
3955,7
3956,22
3957,5
3958,5
3959,12
3960,7
3961,12
3962,8
3963,19
3964,2
3965,22
3966,11
3967,14
3968,13
3969,7
3970,5
3971,18
3972,2
3973,6
3974,17
3975,7
3976,9
3977,5
3978,10
3979,3
3980,2
3981,9
3982,2
3983,6
3984,22
3985,22
3986,18
3987,7
3988,22
3989,19
3990,16
3991,15
3992,3
3993,7
3994,7
3995,6
3996,17
3997,18
3998,2
3999,2
4000,1
4001,11
4002,15
4003,7
4004,2
4005,8
4006,9
4007,11
4008,1
4009,14
4010,5
4011,6
4012,6
4013,20
4014,3
4015,12
4016,7
4017,6
4018,22
4019,1
4020,4
4021,2
4022,8
4023,5
4024,9
4025,3
4026,17
4027,15
4028,11
4029,8
4030,3
4031,18
4032,5
4033,20
4034,15
4035,16
4036,12
4037,6
4038,16
4039,10
4040,17
4041,3
4042,1
4043,16
4044,3
4045,12
4046,18
4047,8
4048,6
4049,16
4050,6
4051,21
4052,15
4053,17
4054,12
4055,21
4056,10
4057,5
4058,14
4059,15
4060,19
4061,21
4062,2
4063,21
4064,22
4065,18
4066,14
4067,5
4068,12
4069,13
4070,4
4071,20
4072,4
4073,2
4074,20
4075,18
4076,18
4077,8
4078,12
4079,6
4080,22
4081,4
4082,5
4083,15
4084,5
4085,8
4086,20
4087,7
4088,22
4089,3
4090,1
4091,13
4092,22
4093,22
4094,16
4095,1
4096,17
4097,15
4098,10
4099,10
4100,20
4101,2
4102,15
4103,5
4104,18
4105,17
4106,21
4107,8
4108,2
4109,16
4110,2
4111,6
4112,22
4113,16
4114,13
4115,14
4116,11
4117,20
4118,10
4119,12
4120,3
4121,8
4122,8
4123,13
4124,22
4125,13
4126,13
4127,18
4128,17
4129,13
4130,18
4131,13
4132,18
4133,6
4134,8
4135,6
4136,9
4137,7
4138,5
4139,22
4140,2
4141,6
4142,19
4143,14
4144,21
4145,8
4146,21
4147,9
4148,7
4149,4
4150,4
4151,9
4152,2
4153,20
4154,9
4155,4
4156,14
4157,11
4158,2
4159,20
4160,8
4161,16
4162,4
4163,13
4164,15
4165,4
4166,14
4167,22
4168,12
4169,13
4170,3
4171,5
4172,11
4173,9
4174,17
4175,15
4176,3
4177,8
4178,16
4179,9
4180,4
4181,9
4182,17
4183,9
4184,6
4185,17
4186,13
4187,3
4188,9
4189,7
4190,10
4191,15
4192,10
4193,16
4194,16
4195,6
4196,15
4197,16
4198,19
4199,19
4200,10
4201,20
4202,4
4203,10
4204,4
4205,3
4206,13
4207,12
4208,21
4209,11
4210,2
4211,7
4212,2
4213,20
4214,20
4215,14
4216,13
4217,11
4218,21
4219,18
4220,6
4221,3
4222,21
4223,1
4224,6
4225,17
4226,7
4227,17
4228,16
4229,7
4230,16
4231,17
4232,16
4233,4
4234,8
4235,2
4236,18
4237,11
4238,13
4239,18
4240,1
4241,18
4242,21
4243,16
4244,8
4245,13
4246,22
4247,3
4248,6
4249,8
4250,3
4251,2
4252,2
4253,6
4254,13
4255,4
4256,7
4257,19
4258,3
4259,5
4260,15
4261,16
4262,7
4263,3
4264,8
4265,15
4266,20
4267,8
4268,8
4269,18
4270,11
4271,20
4272,17
4273,17
4274,21
4275,2
4276,15
4277,22
4278,7
4279,7
4280,20
4281,9
4282,19
4283,15
4284,17
4285,20
4286,3
4287,18
4288,21
4289,2
4290,3
4291,22
4292,21
4293,6
4294,7
4295,21
4296,15
4297,6
4298,4
4299,11
4300,8
4301,5
4302,5
4303,14
4304,8
4305,18
4306,18
4307,7
4308,17
4309,14
4310,21
4311,9
4312,15
4313,22
4314,7
4315,4
4316,3
4317,15
4318,19
4319,13
4320,14
4321,7
4322,19
4323,6
4324,13
4325,6
4326,21
4327,7
4328,8
4329,16
4330,16
4331,10
4332,21
4333,7
4334,20
4335,12
4336,2
4337,18
4338,16
4339,18
4340,7
4341,15
4342,15
4343,11
4344,19
4345,11
4346,21
4347,13
4348,22
4349,3
4350,8
4351,7
4352,22
4353,7
4354,22
4355,6
4356,2
4357,17
4358,17
4359,18
4360,19
4361,21
4362,19
4363,2
4364,21
4365,2
4366,8
4367,5
4368,12
4369,22
4370,5
4371,21
4372,2
4373,3
4374,6
4375,6
4376,20
4377,3
4378,4
4379,15
4380,9
4381,3
4382,2
4383,4
4384,7
4385,4
4386,6
4387,7
4388,22
4389,3
4390,4
4391,15
4392,5
4393,3
4394,22
4395,17
4396,2
4397,21
4398,15
4399,18
4400,14
4401,7
4402,11
4403,16
4404,1
4405,16
4406,13
4407,10
4408,10
4409,21
4410,3
4411,9
4412,3
4413,7
4414,7
4415,12
4416,18
4417,14
4418,20
4419,16
4420,9
4421,17
4422,2
4423,7
4424,4
4425,11
4426,4
4427,14
4428,6
4429,5
4430,14
4431,8
4432,9
4433,19
4434,12
4435,2
4436,14
4437,5
4438,6
4439,22
4440,2
4441,19
4442,9
4443,21
4444,1
4445,7
4446,7
4447,13
4448,13
4449,4
4450,3
4451,18
4452,5
4453,22
4454,7
4455,12
4456,9
4457,2
4458,20
4459,12
4460,21
4461,8
4462,8
4463,5
4464,20
4465,13
4466,9
4467,22
4468,7
4469,10
4470,2
4471,16
4472,4
4473,16
4474,1
4475,3
4476,2
4477,19
4478,19
4479,8
4480,3
4481,4
4482,6
4483,21
4484,1
4485,14
4486,20
4487,7
4488,19
4489,4
4490,6
4491,7
4492,1
4493,2
4494,3
4495,2
4496,21
4497,6
4498,16
4499,20
4500,8
4501,15
4502,9
4503,13
4504,11
4505,22
4506,2
4507,13
4508,18
4509,7
4510,14
4511,7
4512,5
4513,15
4514,9
4515,4
4516,17
4517,17
4518,4
4519,20
4520,6
4521,11
4522,11
4523,3
4524,22
4525,12
4526,6
4527,16
4528,10
4529,8
4530,5
4531,3
4532,21
4533,16
4534,1
4535,4
4536,17
4537,16
4538,9
4539,8
4540,10
4541,22
4542,10
4543,7
4544,22
4545,15
4546,9
4547,20
4548,10
4549,8
4550,10
4551,19
4552,1
4553,2
4554,12
4555,5
4556,11
4557,2
4558,3
4559,5
4560,20
4561,7
4562,13
4563,17
4564,16
4565,22
4566,3
4567,5
4568,21
4569,15
4570,18
4571,12
4572,19
4573,14
4574,2
4575,17
4576,10
4577,16
4578,8
4579,17
4580,12
4581,11
4582,7
4583,20
4584,15
4585,5
4586,17
4587,7
4588,1
4589,5
4590,21
4591,15
4592,15
4593,15
4594,4
4595,11
4596,14
4597,22
4598,18
4599,4
4600,9
4601,19
4602,8
4603,9
4604,6
4605,7
4606,15
4607,13
4608,18
4609,17
4610,17
4611,11
4612,12
4613,1
4614,9
4615,9
4616,6
4617,18
4618,4
4619,6
4620,21
4621,22
4622,20
4623,10
4624,8
4625,2
4626,1
4627,20
4628,9
4629,21
4630,17
4631,11
4632,4
4633,9
4634,18
4635,13
4636,4
4637,7
4638,18
4639,22
4640,19
4641,18
4642,18
4643,7
4644,7
4645,4
4646,7
4647,15
4648,19
4649,17
4650,13
4651,20
4652,13
4653,13
4654,2
4655,7
4656,2
4657,9
4658,21
4659,6
4660,20
4661,20
4662,7
4663,9
4664,4
4665,6
4666,6
4667,12
4668,9
4669,16
4670,11
4671,3
4672,6
4673,7
4674,7
4675,11
4676,10
4677,11
4678,17
4679,14
4680,17
4681,22
4682,2
4683,4
4684,19
4685,9
4686,7
4687,4
4688,14
4689,20
4690,5
4691,21
4692,15
4693,18
4694,17
4695,8
4696,4
4697,11
4698,12
4699,16
4700,16
4701,14
4702,5
4703,8
4704,22
4705,8
4706,12
4707,14
4708,18
4709,7
4710,1
4711,6
4712,6
4713,19
4714,15
4715,22
4716,2
4717,17
4718,22
4719,5
4720,9
4721,10
4722,6
4723,5
4724,5
4725,20
4726,4
4727,18
4728,13
4729,11
4730,6
4731,5
4732,14
4733,15
4734,17
4735,7
4736,20
4737,15
4738,7
4739,19
4740,14
4741,21
4742,11
4743,13
4744,2
4745,2
4746,22
4747,22
4748,10
4749,19
4750,1
4751,4
4752,7
4753,2
4754,7
4755,11
4756,5
4757,4
4758,11
4759,8
4760,13
4761,3
4762,15
4763,7
4764,3
4765,19
4766,17
4767,15
4768,4
4769,5
4770,8
4771,3
4772,1
4773,22
4774,6
4775,7
4776,4
4777,4
4778,11
4779,19
4780,18
4781,15
4782,17
4783,11
4784,8
4785,9
4786,20
4787,2
4788,5
4789,21
4790,20
4791,6
4792,5
4793,2
4794,2
4795,9
4796,7
4797,21
4798,2
4799,4
4800,12
4801,16
4802,14
4803,8
4804,1
4805,11
4806,1
4807,7
4808,5
4809,12
4810,2
4811,7
4812,14
4813,4
4814,14
4815,5
4816,18
4817,2
4818,5
4819,1
4820,6
4821,1
4822,1
4823,16
4824,5
4825,5
4826,2
4827,18
4828,2
4829,12
4830,7
4831,7
4832,6
4833,7
4834,10
4835,4
4836,14
4837,3
4838,11
4839,21
4840,17
4841,21
4842,16
4843,8
4844,5
4845,2
4846,13
4847,19
4848,1
4849,21
4850,22
4851,13
4852,12
4853,13
4854,14
4855,4
4856,20
4857,22
4858,1
4859,3
4860,10
4861,15
4862,11
4863,6
4864,7
4865,21
4866,20
4867,21
4868,5
4869,21
4870,13
4871,8
4872,6
4873,13
4874,15
4875,12
4876,17
4877,16
4878,10
4879,5
4880,1
4881,9
4882,2
4883,7
4884,14
4885,11
4886,21
4887,14
4888,19
4889,8
4890,6
4891,6
4892,18
4893,4
4894,6
4895,5
4896,11
4897,1
4898,19
4899,14
4900,3
4901,22
4902,15
4903,14
4904,11
4905,16
4906,11
4907,5
4908,3
4909,13
4910,6
4911,7
4912,6
4913,2
4914,4
4915,10
4916,1
4917,6
4918,15
4919,4
4920,10
4921,15
4922,18
4923,4
4924,14
4925,1
4926,14
4927,14
4928,7
4929,21
4930,6
4931,21
4932,16
4933,15
4934,2
4935,14
4936,22
4937,22
4938,3
4939,14
4940,15
4941,10
4942,17
4943,7
4944,12
4945,16
4946,5
4947,21
4948,17
4949,20
4950,15
4951,20
4952,13
4953,9
4954,5
4955,14
4956,14
4957,22
4958,12
4959,7
4960,7
4961,19
4962,22
4963,17
4964,16
4965,14
4966,11
4967,9
4968,11
4969,22
4970,16
4971,16
4972,10
4973,7
4974,13
4975,1
4976,20
4977,19
4978,13
4979,6
4980,10
4981,4
4982,14
4983,2
4984,1
4985,18
4986,15
4987,1
4988,7
4989,10
4990,3
4991,11
4992,12
4993,12
4994,6
4995,9
4996,7
4997,20
4998,7
4999,6
5000,17
5001,19
5002,5
5003,1
5004,9
5005,12
5006,12
5007,22
5008,22
5009,9
5010,1
5011,22
5012,3
5013,20
5014,20
5015,3
5016,22
5017,16
5018,6
5019,10
5020,4
5021,18
5022,16
5023,3
5024,11
5025,14
5026,6
5027,2
5028,6
5029,21
5030,7
5031,20
5032,12
5033,12
5034,17
5035,4
5036,14
5037,11
5038,21
5039,1
5040,19
5041,4
5042,2
5043,21
5044,2
5045,14
5046,1
5047,7
5048,22
5049,15
5050,5
5051,22
5052,7
5053,11
5054,4
5055,1
5056,21
5057,17
5058,21
5059,12
5060,5
5061,7
5062,13
5063,16
5064,6
5065,8
5066,9
5067,7
5068,21
5069,7
5070,11
5071,18
5072,8
5073,9
5074,9
5075,8
5076,20
5077,18
5078,4
5079,6
5080,10
5081,2
5082,21
5083,4
5084,8
5085,17
5086,1
5087,16
5088,19
5089,2
5090,14
5091,2
5092,3
5093,22
5094,5
5095,19
5096,12
5097,6
5098,15
5099,20
5100,4
5101,4
5102,22
5103,9
5104,12
5105,4
5106,13
5107,11
5108,4
5109,8
5110,22
5111,6
5112,7
5113,4
5114,17
5115,2
5116,16
5117,3
5118,8
5119,3
5120,14
5121,3
5122,18
5123,7
5124,8
5125,11
5126,17
5127,3
5128,22
5129,6
5130,3
5131,6
5132,8
5133,2
5134,3
5135,12
5136,9
5137,21
5138,19
5139,15
5140,7
5141,6
5142,1
5143,2
5144,13
5145,4
5146,13
5147,20
5148,5
5149,14
5150,21
5151,4
5152,12
5153,2
5154,16
5155,10
5156,21
5157,21
5158,21
5159,13
5160,21
5161,13
5162,1
5163,20
5164,1
5165,20
5166,16
5167,5
5168,22
5169,12
5170,7
5171,5
5172,3
5173,7
5174,13
5175,16
5176,11
5177,9
5178,2
5179,21
5180,18
5181,3
5182,14
5183,3
5184,10
5185,14
5186,20
5187,2
5188,6
5189,10
5190,11
5191,18
5192,4
5193,15
5194,18
5195,4
5196,12
5197,7
5198,18
5199,19
5200,1
5201,13
5202,12
5203,3
5204,14
5205,12
5206,22
5207,1
5208,15
5209,7
5210,13
5211,16
5212,2
5213,12
5214,17
5215,22
5216,13
5217,15
5218,7
5219,2
5220,15
5221,15
5222,5
5223,1
5224,1
5225,19
5226,4
5227,1
5228,17
5229,2
5230,8
5231,8
5232,13
5233,11
5234,14
5235,8
5236,2
5237,20
5238,17
5239,20
5240,6
5241,15
5242,16
5243,10
5244,15
5245,11
5246,9
5247,11
5248,11
5249,12
5250,21
5251,2
5252,5
5253,8
5254,13
5255,9
5256,10
5257,3
5258,12
5259,6
5260,22
5261,6
5262,10
5263,21
5264,12
5265,3
5266,22
5267,21
5268,4
5269,3
5270,3
5271,19
5272,4
5273,17
5274,11
5275,20
5276,21
5277,12
5278,20
5279,12
5280,8
5281,5
5282,5
5283,1
5284,21
5285,21
5286,7
5287,10
5288,20
5289,2
5290,11
5291,13
5292,14
5293,19
5294,7
5295,11
5296,21
5297,17
5298,12
5299,2
5300,18
5301,18
5302,6
5303,4
5304,16
5305,16
5306,12
5307,1
5308,10
5309,18
5310,20
5311,16
5312,10
5313,22
5314,1
5315,22
5316,2
5317,21
5318,4
5319,7
5320,14
5321,8
5322,11
5323,19
5324,12
5325,11
5326,12
5327,16
5328,5
5329,12
5330,10
5331,22
5332,4
5333,4
5334,4
5335,21
5336,19
5337,15
5338,15
5339,8
5340,1
5341,14
5342,12
5343,10
5344,18
5345,8
5346,11
5347,22
5348,11
5349,16
5350,11
5351,2
5352,18
5353,21
5354,15
5355,15
5356,5
5357,16
5358,7
5359,21
5360,20
5361,3
5362,3
5363,21
5364,3
5365,7
5366,11
5367,5
5368,22
5369,18
5370,6
5371,21
5372,15
5373,19
5374,21
5375,11
5376,19
5377,9
5378,22
5379,7
5380,2
5381,10
5382,7
5383,2
5384,22
5385,10
5386,22
5387,6
5388,5
5389,1
5390,22
5391,20
5392,14
5393,1
5394,2
5395,6
5396,13
5397,14
5398,16
5399,16
5400,13
5401,15
5402,2
5403,10
5404,20
5405,17
5406,18
5407,10
5408,13
5409,3
5410,16
5411,18
5412,15
5413,4
5414,7
5415,18
5416,22
5417,4
5418,4
5419,11
5420,20
5421,12
5422,21
5423,4
5424,20
5425,5
5426,5
5427,1
5428,7
5429,3
5430,1
5431,3
5432,8
5433,1
5434,22
5435,6
5436,14
5437,6
5438,1
5439,4
5440,7
5441,8
5442,18
5443,10
5444,9
5445,13
5446,6
5447,16
5448,22
5449,7
5450,9
5451,5
5452,8
5453,6
5454,2
5455,10
5456,3
5457,19
5458,22
5459,8
5460,10
5461,1
5462,22
5463,7
5464,21
5465,11
5466,5
5467,15
5468,19
5469,10
5470,15
5471,13
5472,15
5473,5
5474,10
5475,14
5476,22
5477,5
5478,16
5479,16
5480,17
5481,18
5482,16
5483,4
5484,22
5485,7
5486,1
5487,1
5488,17
5489,9
5490,7
5491,19
5492,2
5493,13
5494,3
5495,6
5496,6
5497,21
5498,2
5499,16
5500,7
5501,17
5502,15
5503,19
5504,1
5505,12
5506,16
5507,11
5508,11
5509,5
5510,15
5511,5
5512,13
5513,12
5514,12
5515,16
5516,5
5517,11
5518,3
5519,22
5520,6
5521,7
5522,10
5523,10
5524,15
5525,1
5526,11
5527,22
5528,14
5529,7
5530,11
5531,7
5532,3
5533,4
5534,7
5535,19
5536,13
5537,6
5538,16
5539,17
5540,6
5541,12
5542,11
5543,12
5544,12
5545,3
5546,9
5547,12
5548,21
5549,22
5550,20
5551,2
5552,1
5553,1
5554,18
5555,11
5556,22
5557,4
5558,2
5559,6
5560,5
5561,15
5562,19
5563,22
5564,21
5565,14
5566,20
5567,20
5568,5
5569,1
5570,19
5571,11
5572,4
5573,9
5574,16
5575,16
5576,6
5577,12
5578,5
5579,4
5580,7
5581,13
5582,14
5583,9
5584,2
5585,20
5586,8
5587,13
5588,3
5589,2
5590,19
5591,2
5592,22
5593,15
5594,13
5595,21
5596,12
5597,10
5598,10
5599,6
5600,2
5601,1
5602,15
5603,14
5604,6
5605,17
5606,8
5607,21
5608,22
5609,15
5610,19
5611,18
5612,12
5613,14
5614,7
5615,10
5616,21
5617,19
5618,5
5619,10
5620,4
5621,12
5622,22
5623,20
5624,21
5625,21
5626,7
5627,5
5628,15
5629,14
5630,13
5631,4
5632,8
5633,7
5634,18
5635,22
5636,19
5637,7
5638,13
5639,1
5640,3
5641,9
5642,19
5643,17
5644,3
5645,7
5646,19
5647,3
5648,19
5649,2
5650,8
5651,16
5652,1
5653,11
5654,17
5655,10
5656,4
5657,17
5658,3
5659,18
5660,21
5661,13
5662,17
5663,1
5664,6
5665,14
5666,22
5667,5
5668,4
5669,6
5670,1
5671,11
5672,10
5673,12
5674,3
5675,8
5676,18
5677,4
5678,22
5679,13
5680,22
5681,16
5682,14
5683,15
5684,16
5685,10
5686,22
5687,2
5688,14
5689,4
5690,13
5691,12
5692,22
5693,1
5694,21
5695,12
5696,7
5697,20
5698,11
5699,5
5700,14
5701,6
5702,19
5703,15
5704,17
5705,1
5706,7
5707,8
5708,13
5709,1
5710,16
5711,1
5712,1
5713,3
5714,8
5715,18
5716,9
5717,3
5718,12
5719,3
5720,17
5721,22
5722,21
5723,4
5724,14
5725,2
5726,8
5727,8
5728,13
5729,8
5730,10
5731,8
5732,18
5733,17
5734,20
5735,22
5736,6
5737,15
5738,2
5739,6
5740,20
5741,5
5742,14
5743,8
5744,21
5745,22
5746,15
5747,1
5748,4
5749,21
5750,8
5751,2
5752,1
5753,20
5754,15
5755,14
5756,17
5757,6
5758,6
5759,7
5760,18
5761,12
5762,9
5763,7
5764,17
5765,15
5766,19
5767,1
5768,9
5769,22
5770,16
5771,8
5772,17
5773,17
5774,14
5775,17
5776,14
5777,2
5778,13
5779,15
5780,11
5781,13
5782,16
5783,7
5784,16
5785,7
5786,18
5787,15
5788,16
5789,7
5790,6
5791,8
5792,14
5793,15
5794,11
5795,15
5796,18
5797,21
5798,16
5799,5
5800,3
5801,7
5802,3
5803,14
5804,7
5805,7
5806,6
5807,3
5808,7
5809,6
5810,22
5811,4
5812,22
5813,7
5814,21
5815,7
5816,11
5817,12
5818,6
5819,7
5820,5
5821,9
5822,11
5823,10
5824,8
5825,19
5826,10
5827,15
5828,16
5829,6
5830,16
5831,15
5832,5
5833,14
5834,18
5835,12
5836,3
5837,16
5838,5
5839,20
5840,16
5841,2
5842,12
5843,7
5844,3
5845,6
5846,5
5847,17
5848,14
5849,9
5850,7
5851,8
5852,13
5853,9
5854,19
5855,7
5856,11
5857,9
5858,12
5859,7
5860,20
5861,4
5862,5
5863,19
5864,4
5865,3
5866,22
5867,22
5868,2
5869,8
5870,19
5871,16
5872,16
5873,11
5874,6
5875,5
5876,15
5877,13
5878,4
5879,13
5880,2
5881,7
5882,13
5883,10
5884,8
5885,22
5886,3
5887,17
5888,2
5889,10
5890,3
5891,2
5892,18
5893,19
5894,7
5895,17
5896,12
5897,9
5898,21
5899,12
5900,7
5901,13
5902,11
5903,9
5904,16
5905,1
5906,14
5907,6
5908,1
5909,2
5910,14
5911,22
5912,15
5913,16
5914,1
5915,14
5916,15
5917,8
5918,4
5919,7
5920,17
5921,4
5922,18
5923,5
5924,10
5925,21
5926,15
5927,15
5928,6
5929,20
5930,6
5931,21
5932,4
5933,6
5934,3
5935,21
5936,15
5937,1
5938,5
5939,22
5940,9
5941,11
5942,20
5943,9
5944,20
5945,14
5946,1
5947,11
5948,7
5949,10
5950,9
5951,14
5952,20
5953,2
5954,3
5955,17
5956,6
5957,13
5958,10
5959,14
5960,9
5961,5
5962,15
5963,13
5964,18
5965,2
5966,2
5967,2
5968,6
5969,17
5970,4
5971,1
5972,1
5973,19
5974,20
5975,13
5976,3
5977,5
5978,3
5979,9
5980,6
5981,1
5982,5
5983,12
5984,4
5985,6
5986,1
5987,17
5988,7
5989,1
5990,11
5991,15
5992,16
5993,5
5994,8
5995,6
5996,11
5997,14
5998,14
5999,4
6000,12
6001,3
6002,17
6003,17
6004,3
6005,17
6006,11
6007,4
6008,18
6009,22
6010,18
6011,11
6012,22
6013,6
6014,1
6015,16
6016,9
6017,14
6018,13
6019,4
6020,5
6021,2
6022,2
6023,16
6024,16
6025,7
6026,11
6027,10
6028,1
6029,5
6030,10
6031,2
6032,10
6033,6
6034,17
6035,11
6036,2
6037,22
6038,21
6039,18
6040,3
6041,16
6042,16
6043,10
6044,16
6045,22
6046,6
6047,3
6048,4
6049,14
6050,4
6051,19
6052,7
6053,2
6054,5
6055,10
6056,9
6057,16
6058,20
6059,17
6060,8
6061,21
6062,7
6063,15
6064,2
6065,15
6066,16
6067,1
6068,15
6069,7
6070,10
6071,13
6072,20
6073,16
6074,14
6075,16
6076,3
6077,10
6078,20
6079,10
6080,11
6081,10
6082,17
6083,17
6084,1
6085,5
6086,5
6087,9
6088,20
6089,2
6090,4
6091,17
6092,20
6093,1
6094,21
6095,18
6096,13
6097,7
6098,5
6099,15
6100,13
6101,1
6102,15
6103,22
6104,17
6105,6
6106,4
6107,15
6108,19
6109,1
6110,5
6111,5
6112,9
6113,8
6114,13
6115,7
6116,18
6117,2
6118,20
6119,3
6120,2
6121,4
6122,5
6123,1
6124,13
6125,4
6126,8
6127,6
6128,14
6129,18
6130,21
6131,5
6132,20
6133,14
6134,9
6135,13
6136,18
6137,3
6138,7
6139,5
6140,9
6141,5
6142,12
6143,6
6144,21
6145,12
6146,2
6147,17
6148,5
6149,15
6150,13
6151,6
6152,19
6153,7
6154,13
6155,19
6156,12
6157,10
6158,17
6159,13
6160,15
6161,18
6162,3
6163,5
6164,3
6165,5
6166,6
6167,17
6168,1
6169,20
6170,10
6171,4
6172,2
6173,2
6174,14
6175,21
6176,8
6177,16
6178,20
6179,8
6180,20
6181,22
6182,4
6183,3
6184,8
6185,18
6186,2
6187,20
6188,20
6189,3
6190,22
6191,21
6192,19
6193,14
6194,17
6195,19
6196,1
6197,10
6198,5
6199,18
6200,8
6201,10
6202,3
6203,18
6204,13
6205,8
6206,14
6207,14
6208,7
6209,19
6210,15
6211,17
6212,14
6213,13
6214,6
6215,18
6216,19
6217,16
6218,7
6219,5
6220,2
6221,4
6222,4
6223,8
6224,1
6225,19
6226,4
6227,9
6228,14
6229,19
6230,7
6231,20
6232,10
6233,10
6234,21
6235,12
6236,2
6237,18
6238,17
6239,22
6240,3
6241,2
6242,14
6243,11
6244,11
6245,7
6246,21
6247,17
6248,8
6249,21
6250,14
6251,3
6252,2
6253,7
6254,19
6255,13
6256,22
6257,13
6258,3
6259,5
6260,9
6261,10
6262,9
6263,15
6264,4
6265,7
6266,8
6267,18
6268,3
6269,6
6270,4
6271,1
6272,6
6273,2
6274,6
6275,13
6276,12
6277,7
6278,15
6279,7
6280,20
6281,22
6282,3
6283,15
6284,13
6285,7
6286,13
6287,8
6288,18
6289,18
6290,15
6291,17
6292,19
6293,12
6294,11
6295,16
6296,7
6297,17
6298,16
6299,21
6300,9
6301,2
6302,16
6303,13
6304,12
6305,13
6306,11
6307,18
6308,13
6309,15
6310,2
6311,17
6312,10
6313,8
6314,10
6315,19
6316,16
6317,1
6318,11
6319,3
6320,6
6321,19
6322,11
6323,2
6324,1
6325,10
6326,3
6327,5
6328,3
6329,13
6330,8
6331,6
6332,14
6333,21
6334,20
6335,7
6336,19
6337,6
6338,4
6339,19
6340,4
6341,22
6342,16
6343,10
6344,4
6345,2
6346,5
6347,13
6348,14
6349,2
6350,1
6351,14
6352,14
6353,16
6354,3
6355,4
6356,14
6357,13
6358,1
6359,10
6360,9
6361,14
6362,11
6363,7
6364,19
6365,14
6366,21
6367,18
6368,8
6369,18
6370,8
6371,5
6372,9
6373,9
6374,20
6375,10
6376,3
6377,3
6378,11
6379,6
6380,15
6381,15
6382,21
6383,5
6384,5
6385,12
6386,16
6387,19
6388,1
6389,7
6390,4
6391,15
6392,21
6393,1
6394,6
6395,3
6396,10
6397,5
6398,7
6399,14
6400,12
6401,15
6402,12
6403,8
6404,4
6405,7
6406,4
6407,5
6408,14
6409,2
6410,11
6411,2
6412,3
6413,6
6414,12
6415,5
6416,8
6417,18
6418,6
6419,8
6420,8
6421,3
6422,21
6423,6
6424,16
6425,16
6426,3
6427,6
6428,19
6429,3
6430,4
6431,16
6432,6
6433,7
6434,12
6435,17
6436,11
6437,16
6438,5
6439,5
6440,22
6441,8
6442,11
6443,19
6444,5
6445,15
6446,15
6447,3
6448,17
6449,20
6450,13
6451,1
6452,2
6453,7
6454,12
6455,15
6456,22
6457,21
6458,9
6459,2
6460,13
6461,18
6462,22
6463,6
6464,4
6465,18
6466,14
6467,20
6468,1
6469,7
6470,16
6471,5
6472,7
6473,8
6474,8
6475,20
6476,7
6477,22
6478,18
6479,11
6480,11
6481,15
6482,5
6483,4
6484,2
6485,9
6486,20
6487,3
6488,8
6489,3
6490,9
6491,1
6492,7
6493,9
6494,3
6495,4
6496,11
6497,14
6498,3
6499,11
6500,21
6501,17
6502,5
6503,18
6504,21
6505,1
6506,15
6507,3
6508,9
6509,16
6510,11
6511,5
6512,20
6513,21
6514,21
6515,21
6516,3
6517,8
6518,1
6519,2
6520,11
6521,3
6522,6
6523,5
6524,19
6525,3
6526,10
6527,18
6528,13
6529,15
6530,22
6531,9
6532,3
6533,15
6534,17
6535,10
6536,21
6537,15
6538,7
6539,6
6540,16
6541,16
6542,1
6543,17
6544,13
6545,4
6546,5
6547,22
6548,13
6549,16
6550,12
6551,2
6552,1
6553,5
6554,11
6555,11
6556,16
6557,4
6558,7
6559,6
6560,3
6561,4
6562,15
6563,3
6564,13
6565,15
6566,19
6567,3
6568,3
6569,10
6570,16
6571,10
6572,16
6573,1
6574,3
6575,3
6576,8
6577,14
6578,9
6579,15
6580,18
6581,21
6582,13
6583,3
6584,9
6585,8
6586,14
6587,5
6588,21
6589,4
6590,3
6591,2
6592,12
6593,10
6594,1
6595,17
6596,8
6597,7
6598,5
6599,18
6600,4
6601,7
6602,6
6603,2
6604,8
6605,10
6606,5
6607,10
6608,8
6609,15
6610,17
6611,1
6612,17
6613,18
6614,19
6615,13
6616,22
6617,8
6618,16
6619,21
6620,16
6621,10
6622,2
6623,19
6624,20
6625,12
6626,5
6627,3
6628,19
6629,17
6630,3
6631,20
6632,14
6633,5
6634,20
6635,13
6636,20
6637,12
6638,22
6639,11
6640,10
6641,1
6642,8
6643,3
6644,6
6645,17
6646,2
6647,21
6648,17
6649,3
6650,5
6651,16
6652,21
6653,6
6654,11
6655,3
6656,4
6657,8
6658,3
6659,10
6660,8
6661,20
6662,4
6663,13
6664,12
6665,12
6666,18
6667,6
6668,8
6669,8
6670,11
6671,20
6672,1
6673,4
6674,2
6675,2
6676,20
6677,9
6678,4
6679,16
6680,17
6681,20
6682,18
6683,13
6684,13
6685,11
6686,3
6687,13
6688,16
6689,15
6690,13
6691,10
6692,14
6693,1
6694,10
6695,19
6696,16
6697,15
6698,8
6699,16
6700,15
6701,22
6702,11
6703,4
6704,19
6705,5
6706,5
6707,3
6708,5
6709,9
6710,2
6711,14
6712,2
6713,16
6714,16
6715,6
6716,4
6717,7
6718,14
6719,17
6720,20
6721,16
6722,13
6723,15
6724,7
6725,22
6726,5
6727,18
6728,19
6729,1
6730,2
6731,2
6732,19
6733,14
6734,3
6735,13
6736,22
6737,15
6738,12
6739,8
6740,19
6741,20
6742,19
6743,15
6744,6
6745,18
6746,17
6747,2
6748,6
6749,9
6750,7
6751,14
6752,12
6753,4
6754,22
6755,20
6756,18
6757,7
6758,12
6759,21
6760,10
6761,20
6762,20
6763,19
6764,8
6765,3
6766,2
6767,11
6768,9
6769,3
6770,13
6771,12
6772,12
6773,9
6774,16
6775,11
6776,11
6777,3
6778,10
6779,7
6780,14
6781,9
6782,7
6783,12
6784,4
6785,12
6786,8
6787,14
6788,6
6789,21
6790,14
6791,9
6792,1
6793,4
6794,17
6795,9
6796,2
6797,2
6798,6
6799,18
6800,19
6801,21
6802,7
6803,8
6804,6
6805,16
6806,15
6807,13
6808,7
6809,7
6810,17
6811,8
6812,4
6813,15
6814,20
6815,7
6816,20
6817,9
6818,2
6819,20
6820,3
6821,10
6822,6
6823,9
6824,17
6825,2
6826,5
6827,20
6828,7
6829,3
6830,19
6831,4
6832,4
6833,9
6834,1
6835,13
6836,4
6837,22
6838,5
6839,20
6840,20
6841,4
6842,8
6843,14
6844,20
6845,1
6846,15
6847,2
6848,20
6849,7
6850,8
6851,17
6852,17
6853,22
6854,6
6855,12
6856,21
6857,14
6858,6
6859,5
6860,22
6861,6
6862,18
6863,6
6864,2
6865,7
6866,1
6867,14
6868,11
6869,22
6870,10
6871,6
6872,5
6873,7
6874,7
6875,4
6876,1
6877,13
6878,22
6879,11
6880,13
6881,3
6882,17
6883,2
6884,13
6885,17
6886,16
6887,12
6888,20
6889,21
6890,16
6891,16
6892,5
6893,10
6894,15
6895,1
6896,18
6897,1
6898,16
6899,1
6900,14
6901,4
6902,21
6903,1
6904,4
6905,7
6906,12
6907,21
6908,15
6909,12
6910,10
6911,21
6912,4
6913,4
6914,9
6915,15
6916,11
6917,16
6918,11
6919,11
6920,4
6921,18
6922,20
6923,5
6924,22
6925,22
6926,3
6927,4
6928,5
6929,9
6930,8
6931,14
6932,20
6933,3
6934,15
6935,6
6936,4
6937,20
6938,5
6939,13
6940,22
6941,20
6942,10
6943,1
6944,2
